{"0": 0.41466868342290736, "1": 0.04035657966723522, "2": 0.11653203746017443, "3": 0.050236539761207476, "4": 0.05979467705081582, "5": 0.0808740707366524, "6": 0.032439738679882854, "7": 0.09081839539149744, "8": 0.0017056608631287613, "9": 0.0014482026196376274, "10": 0.0009011038522189682, "11": 0.03517523251697615, "12": 0.022141408940237504, "13": 0.017281884594342354, "14": 0.034306310945193576, "15": 0.0006758278891642261, "16": 0.017056608631287613, "17": 0.006758278891642262, "18": 0.029028416953625333, "19": 0.047694139606732536, "20": 0.005535352235059376, "21": 0.12155247320825154, "22": 0.02581018890998616, "23": 0.09542046149390146, "24": 0.010362694300518135, "25": 0.2647958034306311, "26": 0.010555787983136484, "27": 0.00035400508480030893}