{"0": 0.23626373626373626, "1": 0.01098901098901099, "2": 0.038461538461538464, "3": 0.04395604395604396, "4": 0.03021978021978022, "5": 0.0521978021978022, "6": 0.03021978021978022, "7": 0.04945054945054945, "8": 0.0027472527472527475, "9": 0.0, "10": 0.0, "11": 0.024725274725274724, "12": 0.013736263736263736, "13": 0.008241758241758242, "14": 0.04945054945054945, "15": 0.0, "16": 0.005494505494505495, "17": 0.005494505494505495, "18": 0.038461538461538464, "19": 0.03571428571428571, "20": 0.0027472527472527475, "21": 0.06868131868131869, "22": 0.019230769230769232, "23": 0.046703296703296704, "24": 0.01098901098901099, "25": 0.17032967032967034, "26": 0.0027472527472527475, "27": 0.0027472527472527475}